{"errors":[],"warnings":[],"namedChunkGroups":{"app":{"chunks":[6,0,1],"assets":["webpack-runtime-661c70616c280ac871c4.js","webpack-runtime-661c70616c280ac871c4.js.map","commons.d5ef0abb16ee382cea7f.css","commons-93caec8e05c144e243cd.js","commons-93caec8e05c144e243cd.js.map","app-a11b200b0f8537a399da.js","app-a11b200b0f8537a399da.js.map"],"children":{},"childAssets":{}},"component---src-pages-404-js":{"chunks":[0,2],"assets":["commons.d5ef0abb16ee382cea7f.css","commons-93caec8e05c144e243cd.js","commons-93caec8e05c144e243cd.js.map","component---src-pages-404-js-d2adfbe002b2ccca44b1.js","component---src-pages-404-js-d2adfbe002b2ccca44b1.js.map"],"children":{},"childAssets":{}},"component---src-pages-index-js":{"chunks":[0,3],"assets":["commons.d5ef0abb16ee382cea7f.css","commons-93caec8e05c144e243cd.js","commons-93caec8e05c144e243cd.js.map","component---src-pages-index-js-a16c98eb7cf50a5ed635.js","component---src-pages-index-js-a16c98eb7cf50a5ed635.js.map"],"children":{},"childAssets":{}},"component---src-pages-page-2-js":{"chunks":[0,4],"assets":["commons.d5ef0abb16ee382cea7f.css","commons-93caec8e05c144e243cd.js","commons-93caec8e05c144e243cd.js.map","component---src-pages-page-2-js-854b3b3798a34ad84603.js","component---src-pages-page-2-js-854b3b3798a34ad84603.js.map"],"children":{},"childAssets":{}},"component---src-pages-table-js":{"chunks":[0,5],"assets":["commons.d5ef0abb16ee382cea7f.css","commons-93caec8e05c144e243cd.js","commons-93caec8e05c144e243cd.js.map","component---src-pages-table-js-8b67cab6f1fc63755fe4.js","component---src-pages-table-js-8b67cab6f1fc63755fe4.js.map"],"children":{},"childAssets":{}}},"assetsByChunkName":{"app":["webpack-runtime-661c70616c280ac871c4.js","commons.d5ef0abb16ee382cea7f.css","commons-93caec8e05c144e243cd.js","app-a11b200b0f8537a399da.js"],"component---src-pages-404-js":["commons.d5ef0abb16ee382cea7f.css","commons-93caec8e05c144e243cd.js","component---src-pages-404-js-d2adfbe002b2ccca44b1.js"],"component---src-pages-index-js":["commons.d5ef0abb16ee382cea7f.css","commons-93caec8e05c144e243cd.js","component---src-pages-index-js-a16c98eb7cf50a5ed635.js"],"component---src-pages-page-2-js":["commons.d5ef0abb16ee382cea7f.css","commons-93caec8e05c144e243cd.js","component---src-pages-page-2-js-854b3b3798a34ad84603.js"],"component---src-pages-table-js":["commons.d5ef0abb16ee382cea7f.css","commons-93caec8e05c144e243cd.js","component---src-pages-table-js-8b67cab6f1fc63755fe4.js"]}}